{"train/loss": 3.3975110054016113, "train/accuracy": 0.54296875, "train/learning_rate": 0.0, "train/global_step": 0, "_timestamp": 1715285861.480018, "_runtime": 25.45988178253174, "_step": 0}