{"train/loss": 3.94755482673645, "train/accuracy": 0.517578125, "train/learning_rate": 0.0, "train/global_step": 0, "_timestamp": 1715288258.2976437, "_runtime": 18.77200675010681, "_step": 0}